true_id,source,source_customer_id,entity_type,note,source_transaction_id
cust_0145,CRM,CRM-482d688488,customer,,
cust_0037,CRM,CRM-1e465fe959,customer,,
cust_0078,CRM,CRM-84afddcdd6,customer,,
cust_0071,CRM,CRM-5c67a4b87d,customer,,
cust_0070,CRM,CRM-105172ee53,customer,,
cust_0186,CRM,CRM-b79d47ce4d,customer,,
cust_0033,CRM,CRM-c744de394b,customer,,
cust_0115,CRM,CRM-2d31fd99ba,customer,,
cust_0018,CRM,CRM-f980df74f6,customer,,
cust_0175,CRM,CRM-3a956eb3fd,customer,,
cust_0089,CRM,CRM-ea324b406d,customer,,
cust_0047,CRM,CRM-d461a22d61,customer,,
cust_0032,CRM,CRM-37471685b5,customer,,
cust_0076,CRM,CRM-d98e6d7978,customer,,
cust_0094,CRM,CRM-e7a5a7d5f1,customer,,
cust_0126,CRM,CRM-5b2514bff1,customer,,
cust_0158,CRM,CRM-2c7ebb1241,customer,,
cust_0108,CRM,CRM-0673191691,customer,,
cust_0147,CRM,CRM-4003722b4b,customer,,
cust_0130,CRM,CRM-3d0ba4af9a,customer,,
cust_0129,CRM,CRM-756c2045d5,customer,,
cust_0160,CRM,CRM-3adcde7118,customer,,
cust_0152,CRM,CRM-66564273d6,customer,,
cust_0148,CRM,CRM-f03765e5f8,customer,,
cust_0044,CRM,CRM-6c70a4e122,customer,,
cust_0069,CRM,CRM-2de7fe048a,customer,,
cust_0191,CRM,CRM-fc82e2ce27,customer,,
cust_0029,CRM,CRM-b3e856986d,customer,,
cust_0074,CRM,CRM-1856343c90,customer,,
cust_0144,CRM,CRM-423e17f3d2,customer,,
cust_0168,CRM,CRM-bf950c20cf,customer,,
cust_0010,CRM,CRM-c2d36619af,customer,,
cust_0155,CRM,CRM-6c1df5e510,customer,,
cust_0133,CRM,CRM-5680b04ed2,customer,,
cust_0167,CRM,CRM-c2637e74d1,customer,,
cust_0040,CRM,CRM-6f3e66ebb4,customer,,
cust_0134,CRM,CRM-d7da27fd6e,customer,,
cust_0113,CRM,CRM-171824a501,customer,,
cust_0165,CRM,CRM-211929ecf6,customer,,
cust_0157,CRM,CRM-6f67d9427a,customer,,
cust_0056,CRM,CRM-b84c620c2e,customer,,
cust_0023,CRM,CRM-fda4b7012a,customer,,
cust_0110,CRM,CRM-0e59ab1ea4,customer,,
cust_0054,CRM,CRM-33bedd58b6,customer,,
cust_0043,CRM,CRM-ddbdf36a82,customer,,
cust_0150,CRM,CRM-a54b068a7e,customer,,
cust_0164,CRM,CRM-42248b79b2,customer,,
cust_0139,CRM,CRM-b41bd01695,customer,,
cust_0022,CRM,CRM-e03e4e5632,customer,,
cust_0146,CRM,CRM-323575603c,customer,,
cust_0125,CRM,CRM-9be9d8fcf8,customer,,
cust_0193,CRM,CRM-6e9acb500f,customer,,
cust_0086,CRM,CRM-1803fbb6a6,customer,,
cust_0162,CRM,CRM-9ac41bb08e,customer,,
cust_0096,CRM,CRM-c1ce8c2bf1,customer,,
cust_0190,CRM,CRM-4aa936fac2,customer,,
cust_0118,CRM,CRM-eb025c424b,customer,,
cust_0026,CRM,CRM-5409693ad8,customer,,
cust_0084,CRM,CRM-66dc341066,customer,,
cust_0009,CRM,CRM-108fc061f7,customer,,
cust_0090,CRM,CRM-ffa4d82873,customer,,
cust_0199,CRM,CRM-8ebc748cbb,customer,,
cust_0180,CRM,CRM-edc734389a,customer,,
cust_0004,CRM,CRM-0ca7353094,customer,,
cust_0007,CRM,CRM-c1eb78a032,customer,,
cust_0095,CRM,CRM-a615062591,customer,,
cust_0066,CRM,CRM-4b634f8cce,customer,,
cust_0179,CRM,CRM-68c94b0846,customer,,
cust_0098,CRM,CRM-740c5ca0d2,customer,,
cust_0067,CRM,CRM-3465b34afa,customer,,
cust_0063,CRM,CRM-404c90791a,customer,,
cust_0198,CRM,CRM-dd63e58c2a,customer,,
cust_0154,CRM,CRM-006c034af8,customer,,
cust_0045,CRM,CRM-8615e6e4e0,customer,,
cust_0014,CRM,CRM-7c50c3fb0f,customer,,
cust_0181,CRM,CRM-631f589433,customer,,
cust_0189,CRM,CRM-7ff6f4fa3c,customer,,
cust_0016,CRM,CRM-93bd8ada60,customer,,
cust_0099,CRM,CRM-36d6ee7922,customer,,
cust_0114,CRM,CRM-eb09901991,customer,,
cust_0012,CRM,CRM-72f7809dcd,customer,,
cust_0137,CRM,CRM-828285bb44,customer,,
cust_0197,CRM,CRM-746a05a53a,customer,,
cust_0093,CRM,CRM-dab02b2f3f,customer,,
cust_0083,CRM,CRM-23beeaa751,customer,,
cust_0107,CRM,CRM-e17558321f,customer,,
cust_0143,CRM,CRM-56934bdedc,customer,,
cust_0088,CRM,CRM-678fb62315,customer,,
cust_0195,CRM,CRM-0b15b381b8,customer,,
cust_0027,CRM,CRM-5bc86e8837,customer,,
cust_0111,CRM,CRM-cfc2fd48ba,customer,,
cust_0163,CRM,CRM-a519a6b64c,customer,,
cust_0161,CRM,CRM-114399788c,customer,,
cust_0132,CRM,CRM-aa2d6bcf21,customer,,
cust_0048,CRM,CRM-925b237687,customer,,
cust_0140,CRM,CRM-46f3e5c987,customer,,
cust_0038,CRM,CRM-911d3191ce,customer,,
cust_0061,CRM,CRM-7a2cf40042,customer,,
cust_0128,CRM,CRM-b8759a2868,customer,,
cust_0072,CRM,CRM-191665aa29,customer,,
cust_0025,CRM,CRM-b440aa3d9f,customer,,
cust_0020,CRM,CRM-7647164643,customer,,
cust_0064,CRM,CRM-5b49a189a1,customer,,
cust_0005,CRM,CRM-f8eb6d70b8,customer,,
cust_0171,CRM,CRM-662276733d,customer,,
cust_0169,CRM,CRM-47211e0c1f,customer,,
cust_0185,CRM,CRM-418d5d8a66,customer,,
cust_0091,CRM,CRM-f4b375563f,customer,,
cust_0182,CRM,CRM-cfa8848c05,customer,,
cust_0034,CRM,CRM-33f4ef5501,customer,,
cust_0123,CRM,CRM-8711fbc0fe,customer,,
cust_0028,CRM,CRM-f57ecfd593,customer,,
cust_0178,CRM,CRM-d97bcea1a4,customer,,
cust_0085,CRM,CRM-460001154e,customer,,
cust_0131,CRM,CRM-b92d27ba1f,customer,,
cust_0008,CRM,CRM-33e1af7281,customer,,
cust_0135,CRM,CRM-d8f88ce694,customer,,
cust_0103,CRM,CRM-8895d264c5,customer,,
cust_0046,CRM,CRM-2c418e2529,customer,,
cust_0073,CRM,CRM-2031e4c15f,customer,,
cust_0021,CRM,CRM-03d4ae423d,customer,,
cust_0138,CRM,CRM-6a349efdab,customer,,
cust_0136,CRM,CRM-1d517c01f8,customer,,
cust_0194,CRM,CRM-d916a88b94,customer,,
cust_0065,CRM,CRM-cd47af8af5,customer,,
cust_0092,CRM,CRM-34a4c47510,customer,,
cust_0112,CRM,CRM-7fc7a26cc7,customer,,
cust_0042,CRM,CRM-47e4137c0a,customer,,
cust_0104,CRM,CRM-578603dbfd,customer,,
cust_0120,CRM,CRM-66e71ef3c4,customer,,
cust_0192,CRM,CRM-f593e648c4,customer,,
cust_0082,CRM,CRM-b529ea65a4,customer,,
cust_0019,CRM,CRM-cb99bf8240,customer,,
cust_0119,CRM,CRM-ec3bbf1a1d,customer,,
cust_0184,CRM,CRM-189bdc8739,customer,,
cust_0052,CRM,CRM-e22fc826ae,customer,,
cust_0031,CRM,CRM-9d69205ae5,customer,,
cust_0015,CRM,CRM-1447514879,customer,,
cust_0127,CRM,CRM-15d36e0fcb,customer,,
cust_0177,CRM,CRM-3cd7e8cbee,customer,,
cust_0077,CRM,CRM-ec3cf15a10,customer,,
cust_0117,CRM,CRM-67d7e5ba47,customer,,
cust_0060,CRM,CRM-6db678dc3e,customer,,
cust_0002,CRM,CRM-8fa5abc46c,customer,,
cust_0122,CRM,CRM-7cf916dd1e,customer,,
cust_0174,CRM,CRM-58d72c2356,customer,,
cust_0172,CRM,CRM-0dcf7545e6,customer,,
cust_0124,CRM,CRM-93be56324d,customer,,
cust_0024,CRM,CRM-64ba155cf1,customer,,
cust_0011,CRM,CRM-c1a9d93c63,customer,,
cust_0058,CRM,CRM-147d3b1529,customer,,
cust_0102,CRM,CRM-9b7dda7546,customer,,
cust_0156,CRM,CRM-2b12125d69,customer,,
cust_0017,CRM,CRM-425e690138,customer,,
cust_0188,CRM,CRM-66a7ec1b2f,customer,,
cust_0100,CRM,CRM-6120310f5c,customer,,
cust_0036,CRM,CRM-da130a3ccd,customer,,
cust_0080,CRM,CRM-6486a9734f,customer,,
cust_0170,CRM,CRM-94d9da904f,customer,,
cust_0079,CRM,CRM-cc3e48e7da,customer,,
cust_0050,CRM,CRM-57b18b5a89,customer,,
cust_0196,CRM,CRM-b519808961,customer,,
cust_0087,CRM,CRM-e3af91c5fd,customer,,
cust_0173,CRM,CRM-8fcfb898fa,customer,,
cust_0183,CRM,CRM-1186944222,customer,,
cust_0006,CRM,CRM-a504122480,customer,,
cust_0049,CRM,CRM-6b59213982,customer,,
cust_0053,CRM,CRM-835d7582fe,customer,,
cust_0109,CRM,CRM-039c88c9d3,customer,,
cust_0101,CRM,CRM-bfff1b93d5,customer,,
cust_0141,CRM,CRM-c034fe2475,customer,,
cust_0166,CRM,CRM-f55e33272b,customer,,
cust_0176,CRM,CRM-6c5b538fd0,customer,,
cust_0106,CRM,CRM-490188edc0,customer,,
cust_0013,CRM,CRM-568aa46d70,customer,,
cust_0081,CRM,CRM-620026ed0c,customer,,
cust_0062,CRM,CRM-4f9c602053,customer,,
cust_0057,CRM,CRM-b2e1ebc4f6,customer,,
cust_0142,CRM,CRM-ffd75df22e,customer,,
cust_0097,CRM,CRM-7870f4e1d6,customer,,
cust_0121,CRM,CRM-8715916190,customer,,
cust_0030,CRM,CRM-f16c8f5d31,customer,,
cust_0039,CRM,CRM-e334cc55cd,customer,,
cust_0153,CRM,CRM-7f0ac9b7be,customer,,
cust_0145,ERP,ERP-2909679b77,customer,,
cust_0037,ERP,ERP-aa3308ec6d,customer,,
cust_0078,ERP,ERP-35e66b199d,customer,,
cust_0070,ERP,ERP-4557cce138,customer,,
cust_0186,ERP,ERP-8502475eb9,customer,,
cust_0115,ERP,ERP-be51853b2f,customer,,
cust_0018,ERP,ERP-70512fe8eb,customer,,
cust_0089,ERP,ERP-1efbe132c4,customer,,
cust_0047,ERP,ERP-e51cc3d23d,customer,,
cust_0032,ERP,ERP-1531dee915,customer,,
cust_0076,ERP,ERP-c881213264,customer,,
cust_0094,ERP,ERP-500c94d47f,customer,,
cust_0158,ERP,ERP-9cd682f6db,customer,,
cust_0108,ERP,ERP-9497e65085,customer,,
cust_0126,ERP,ERP-91f2e0f5ec,customer,,
cust_0000,ERP,ERP-7d0b8f3068,customer,,
cust_0152,ERP,ERP-db9134a1b8,customer,,
cust_0160,ERP,ERP-4648a7fbe1,customer,,
cust_0148,ERP,ERP-d3c65e6bb0,customer,,
cust_0044,ERP,ERP-f3c1fc1649,customer,,
cust_0069,ERP,ERP-abd3cf8203,customer,,
cust_0191,ERP,ERP-6ca8d7d8e7,customer,,
cust_0029,ERP,ERP-5e1e80912c,customer,,
cust_0168,ERP,ERP-7758012177,customer,,
cust_0010,ERP,ERP-26e7323705,customer,,
cust_0155,ERP,ERP-1e865830d2,customer,,
cust_0001,ERP,ERP-60395caa93,customer,,
cust_0167,ERP,ERP-9b955aef69,customer,,
cust_0134,ERP,ERP-4bab68c6ac,customer,,
cust_0113,ERP,ERP-fa2fd44f0a,customer,,
cust_0110,ERP,ERP-ef705e9696,customer,,
cust_0023,ERP,ERP-d18dd115f0,customer,,
cust_0056,ERP,ERP-cd2402684f,customer,,
cust_0054,ERP,ERP-304db3fe27,customer,,
cust_0157,ERP,ERP-42ef5a2979,customer,,
cust_0043,ERP,ERP-5b94e63558,customer,,
cust_0150,ERP,ERP-9a6034c112,customer,,
cust_0164,ERP,ERP-3414360547,customer,,
cust_0139,ERP,ERP-a21eaf7699,customer,,
cust_0022,ERP,ERP-b51f609cb3,customer,,
cust_0146,ERP,ERP-bf88ca1bde,customer,,
cust_0125,ERP,ERP-222ac75442,customer,,
cust_0149,ERP,ERP-7073857e0b,customer,,
cust_0086,ERP,ERP-5f5b913e98,customer,,
cust_0162,ERP,ERP-4f0d1a73dc,customer,,
cust_0190,ERP,ERP-94d8b906c1,customer,,
cust_0118,ERP,ERP-d6378c9b54,customer,,
cust_0026,ERP,ERP-7fc842d15e,customer,,
cust_0084,ERP,ERP-2eee60958c,customer,,
cust_0009,ERP,ERP-14445e7958,customer,,
cust_0090,ERP,ERP-a0c708891b,customer,,
cust_0004,ERP,ERP-ef75f4faa5,customer,,
cust_0007,ERP,ERP-f1469ceb7a,customer,,
cust_0095,ERP,ERP-26bcd5e6f2,customer,,
cust_0098,ERP,ERP-978a114363,customer,,
cust_0067,ERP,ERP-31bb73d117,customer,,
cust_0035,ERP,ERP-0617daa491,customer,,
cust_0063,ERP,ERP-b3a8c1b856,customer,,
cust_0198,ERP,ERP-46fb25b424,customer,,
cust_0154,ERP,ERP-85eb4deccd,customer,,
cust_0045,ERP,ERP-8c0635153c,customer,,
cust_0014,ERP,ERP-0e97b59b65,customer,,
cust_0181,ERP,ERP-cc3838ad22,customer,,
cust_0189,ERP,ERP-a8619634ad,customer,,
cust_0016,ERP,ERP-41445bd11a,customer,,
cust_0099,ERP,ERP-0e52bbbbd5,customer,,
cust_0114,ERP,ERP-a21f90a2e4,customer,,
cust_0197,ERP,ERP-e6048a91e7,customer,,
cust_0012,ERP,ERP-7a237c0b7e,customer,,
cust_0093,ERP,ERP-aecf71a648,customer,,
cust_0051,ERP,ERP-063f43b4b6,customer,,
cust_0137,ERP,ERP-1e3550a3a3,customer,,
cust_0107,ERP,ERP-6ec60b87e1,customer,,
cust_0088,ERP,ERP-5c3818f8c9,customer,,
cust_0111,ERP,ERP-65a6743867,customer,,
cust_0161,ERP,ERP-4760f76def,customer,,
cust_0132,ERP,ERP-44dd54232d,customer,,
cust_0055,ERP,ERP-1803805983,customer,,
cust_0140,ERP,ERP-aeef54526c,customer,,
cust_0038,ERP,ERP-a167766301,customer,,
cust_0061,ERP,ERP-7b04792af9,customer,,
cust_0128,ERP,ERP-5c43ced908,customer,,
cust_0072,ERP,ERP-d1b3f2409b,customer,,
cust_0025,ERP,ERP-d80555b578,customer,,
cust_0075,ERP,ERP-0a3b8cc78c,customer,,
cust_0064,ERP,ERP-1bbdfd426c,customer,,
cust_0020,ERP,ERP-ef9edc7da8,customer,,
cust_0171,ERP,ERP-72f504ddea,customer,,
cust_0005,ERP,ERP-6489ce77ed,customer,,
cust_0169,ERP,ERP-57dd0cf90f,customer,,
cust_0185,ERP,ERP-e0acf26d0c,customer,,
cust_0091,ERP,ERP-54374dab4d,customer,,
cust_0182,ERP,ERP-cbfa80ef3f,customer,,
cust_0028,ERP,ERP-ff29cb37c5,customer,,
cust_0123,ERP,ERP-28259da44d,customer,,
cust_0034,ERP,ERP-99df1f3ad0,customer,,
cust_0178,ERP,ERP-728440e439,customer,,
cust_0085,ERP,ERP-038b4385b9,customer,,
cust_0131,ERP,ERP-d2753fd71c,customer,,
cust_0008,ERP,ERP-933fbe2566,customer,,
cust_0135,ERP,ERP-42280cd137,customer,,
cust_0103,ERP,ERP-b0c319cfb8,customer,,
cust_0159,ERP,ERP-f3457f4a23,customer,,
cust_0046,ERP,ERP-75789abbc8,customer,,
cust_0021,ERP,ERP-a134bcfe0e,customer,,
cust_0073,ERP,ERP-ec956484b5,customer,,
cust_0138,ERP,ERP-16b54e87d6,customer,,
cust_0194,ERP,ERP-db2e1c4d45,customer,,
cust_0065,ERP,ERP-af887e32cd,customer,,
cust_0112,ERP,ERP-48fa610c27,customer,,
cust_0042,ERP,ERP-83fcfd3eec,customer,,
cust_0151,ERP,ERP-95a35fbfbb,customer,,
cust_0104,ERP,ERP-db275b8f5f,customer,,
cust_0192,ERP,ERP-106f9167a0,customer,,
cust_0120,ERP,ERP-ed3c2ee0fe,customer,,
cust_0082,ERP,ERP-d235b00fb5,customer,,
cust_0019,ERP,ERP-09778f9720,customer,,
cust_0059,ERP,ERP-bc5b633176,customer,,
cust_0184,ERP,ERP-aa5569a7b8,customer,,
cust_0052,ERP,ERP-2dfca1ec11,customer,,
cust_0031,ERP,ERP-6d2f2e38e5,customer,,
cust_0127,ERP,ERP-9250cc74e9,customer,,
cust_0177,ERP,ERP-0d1916600d,customer,,
cust_0077,ERP,ERP-ae75ad7df5,customer,,
cust_0060,ERP,ERP-d57d655b56,customer,,
cust_0002,ERP,ERP-f6ba2db5c0,customer,,
cust_0122,ERP,ERP-2b6b7ece46,customer,,
cust_0172,ERP,ERP-12113c387d,customer,,
cust_0068,ERP,ERP-82be1db8d0,customer,,
cust_0058,ERP,ERP-dec1355c58,customer,,
cust_0156,ERP,ERP-0be64dbe3e,customer,,
cust_0102,ERP,ERP-b8ed86330e,customer,,
cust_0017,ERP,ERP-4b17b16b61,customer,,
cust_0080,ERP,ERP-95acac1e4d,customer,,
cust_0170,ERP,ERP-0bf8f43b7d,customer,,
cust_0079,ERP,ERP-823c7484c9,customer,,
cust_0050,ERP,ERP-e5f7a145e6,customer,,
cust_0087,ERP,ERP-b3eae34b6d,customer,,
cust_0173,ERP,ERP-81fbb1bd40,customer,,
cust_0006,ERP,ERP-7c623c06c3,customer,,
cust_0049,ERP,ERP-4a086af8c2,customer,,
cust_0053,ERP,ERP-53de999693,customer,,
cust_0041,ERP,ERP-88ed91cf8f,customer,,
cust_0109,ERP,ERP-4293bc841b,customer,,
cust_0101,ERP,ERP-2ed6eb4899,customer,,
cust_0141,ERP,ERP-68c2618db2,customer,,
cust_0166,ERP,ERP-82f0dbcc71,customer,,
cust_0176,ERP,ERP-fa0b225bd8,customer,,
cust_0106,ERP,ERP-e2ee723dbd,customer,,
cust_0013,ERP,ERP-605cd00c75,customer,,
cust_0081,ERP,ERP-511effba5d,customer,,
cust_0057,ERP,ERP-2b63b3dc33,customer,,
cust_0097,ERP,ERP-bb14c3cb3c,customer,,
cust_0142,ERP,ERP-5de73d943f,customer,,
cust_0121,ERP,ERP-f3fc0087c8,customer,,
cust_0030,ERP,ERP-5072b2ff93,customer,,
cust_0145,MKT,MKT-9bcfdbd0f5,customer,,
cust_0037,MKT,MKT-91c69f94c3,customer,,
cust_0078,MKT,MKT-b647c127f4,customer,,
cust_0071,MKT,MKT-d7b9caf3fb,customer,,
cust_0070,MKT,MKT-9f27d0fb0c,customer,,
cust_0186,MKT,MKT-cd6353a0a6,customer,,
cust_0033,MKT,MKT-ee0846e331,customer,,
cust_0115,MKT,MKT-a46fcc28d6,customer,,
cust_0175,MKT,MKT-d3a29681af,customer,,
cust_0047,MKT,MKT-80de88117c,customer,,
cust_0089,MKT,MKT-b259c5c57f,customer,,
cust_0032,MKT,MKT-13b40265dd,customer,,
cust_0094,MKT,MKT-da2106e1fd,customer,,
cust_0158,MKT,MKT-7bdb90a571,customer,,
cust_0108,MKT,MKT-777539c21f,customer,,
cust_0126,MKT,MKT-10a6b6380a,customer,,
cust_0147,MKT,MKT-e856579ff9,customer,,
cust_0130,MKT,MKT-62d45f961c,customer,,
cust_0129,MKT,MKT-7dbd90e5a8,customer,,
cust_0152,MKT,MKT-edfb755dae,customer,,
cust_0148,MKT,MKT-35acff3eb1,customer,,
cust_0044,MKT,MKT-faab86acfa,customer,,
cust_0069,MKT,MKT-155b63683c,customer,,
cust_0191,MKT,MKT-6cc88dce62,customer,,
cust_0029,MKT,MKT-04ba3558d2,customer,,
cust_0074,MKT,MKT-f06994f979,customer,,
cust_0144,MKT,MKT-1a2e6f3df1,customer,,
cust_0133,MKT,MKT-4259638498,customer,,
cust_0010,MKT,MKT-9835a89c18,customer,,
cust_0168,MKT,MKT-a156a8721f,customer,,
cust_0155,MKT,MKT-791446353f,customer,,
cust_0167,MKT,MKT-4fcea36d13,customer,,
cust_0040,MKT,MKT-313770af48,customer,,
cust_0134,MKT,MKT-52e6bcb846,customer,,
cust_0113,MKT,MKT-01df38c485,customer,,
cust_0165,MKT,MKT-b9e3ecbec7,customer,,
cust_0110,MKT,MKT-2177a74f19,customer,,
cust_0023,MKT,MKT-b777676b31,customer,,
cust_0056,MKT,MKT-e9db152e9b,customer,,
cust_0157,MKT,MKT-b26134001c,customer,,
cust_0054,MKT,MKT-c92bb6669a,customer,,
cust_0043,MKT,MKT-4cbe39ed6f,customer,,
cust_0150,MKT,MKT-1e9b28ad05,customer,,
cust_0139,MKT,MKT-fb924954fd,customer,,
cust_0022,MKT,MKT-c4662f3fa0,customer,,
cust_0146,MKT,MKT-cb9d2a254a,customer,,
cust_0125,MKT,MKT-f128d1328c,customer,,
cust_0149,MKT,MKT-a3d3fcc818,customer,,
cust_0193,MKT,MKT-8f502ec939,customer,,
cust_0086,MKT,MKT-177b508bce,customer,,
cust_0162,MKT,MKT-e3bd997b32,customer,,
cust_0190,MKT,MKT-7991d28d11,customer,,
cust_0026,MKT,MKT-4273a1d8d7,customer,,
cust_0084,MKT,MKT-1e3674b9d4,customer,,
cust_0009,MKT,MKT-e4595c1c1f,customer,,
cust_0090,MKT,MKT-26939a8ac9,customer,,
cust_0199,MKT,MKT-fb90c0b798,customer,,
cust_0004,MKT,MKT-c1097c0ea1,customer,,
cust_0007,MKT,MKT-b3d6530f2f,customer,,
cust_0095,MKT,MKT-61defb0c5e,customer,,
cust_0066,MKT,MKT-b0d6615841,customer,,
cust_0179,MKT,MKT-46910c4b7f,customer,,
cust_0098,MKT,MKT-752761dbcd,customer,,
cust_0067,MKT,MKT-89c6aec59e,customer,,
cust_0035,MKT,MKT-f1d910a892,customer,,
cust_0198,MKT,MKT-389b0e85d4,customer,,
cust_0063,MKT,MKT-21376ffabd,customer,,
cust_0154,MKT,MKT-bea77e36e1,customer,,
cust_0016,MKT,MKT-e5fad91f6d,customer,,
cust_0014,MKT,MKT-27bb2b4a8e,customer,,
cust_0189,MKT,MKT-ebc06e1394,customer,,
cust_0099,MKT,MKT-7ebfeb23ae,customer,,
cust_0114,MKT,MKT-cdbaf5c5f5,customer,,
cust_0012,MKT,MKT-f14668ce73,customer,,
cust_0093,MKT,MKT-7ac1303074,customer,,
cust_0137,MKT,MKT-6f5004d5ea,customer,,
cust_0083,MKT,MKT-fecd9cdd72,customer,,
cust_0197,MKT,MKT-73d5774ba3,customer,,
cust_0107,MKT,MKT-ed52c08c5c,customer,,
cust_0143,MKT,MKT-a0806ecdc2,customer,,
cust_0088,MKT,MKT-b47e8ba0e1,customer,,
cust_0195,MKT,MKT-9e3f7e0e26,customer,,
cust_0027,MKT,MKT-c91a1803f7,customer,,
cust_0111,MKT,MKT-3d0f789af0,customer,,
cust_0163,MKT,MKT-1547aca4b8,customer,,
cust_0161,MKT,MKT-5ee59b59ee,customer,,
cust_0132,MKT,MKT-0f4b5dbb4b,customer,,
cust_0055,MKT,MKT-78ff4298a3,customer,,
cust_0048,MKT,MKT-7ec0a52e5b,customer,,
cust_0140,MKT,MKT-dd5c66cb73,customer,,
cust_0038,MKT,MKT-268ef5f050,customer,,
cust_0105,MKT,MKT-c01915f6d5,customer,,
cust_0061,MKT,MKT-8c947c9529,customer,,
cust_0128,MKT,MKT-c891342abd,customer,,
cust_0072,MKT,MKT-83bc35fc98,customer,,
cust_0025,MKT,MKT-1af707e069,customer,,
cust_0075,MKT,MKT-ac37177afc,customer,,
cust_0020,MKT,MKT-d82d22927d,customer,,
cust_0171,MKT,MKT-1fae060ce4,customer,,
cust_0064,MKT,MKT-66f4df6737,customer,,
cust_0169,MKT,MKT-06c77e9914,customer,,
cust_0185,MKT,MKT-8bb7f5e437,customer,,
cust_0091,MKT,MKT-4a41a2de64,customer,,
cust_0182,MKT,MKT-8190bbd5e0,customer,,
cust_0028,MKT,MKT-a5d2f822db,customer,,
cust_0123,MKT,MKT-5036d12fc5,customer,,
cust_0178,MKT,MKT-63d8f01f76,customer,,
cust_0085,MKT,MKT-5f8de0abbf,customer,,
cust_0003,MKT,MKT-5e6dce9804,customer,,
cust_0187,MKT,MKT-c238e14795,customer,,
cust_0131,MKT,MKT-801263735f,customer,,
cust_0008,MKT,MKT-a2fb74e404,customer,,
cust_0135,MKT,MKT-92770f3e29,customer,,
cust_0103,MKT,MKT-1fd979f184,customer,,
cust_0046,MKT,MKT-f106b89eba,customer,,
cust_0073,MKT,MKT-2a15e07736,customer,,
cust_0021,MKT,MKT-0758833ce5,customer,,
cust_0138,MKT,MKT-92ce1d0b3f,customer,,
cust_0136,MKT,MKT-60285146bb,customer,,
cust_0065,MKT,MKT-fc95e8ed72,customer,,
cust_0092,MKT,MKT-a64897e26b,customer,,
cust_0112,MKT,MKT-d09bf8d4d8,customer,,
cust_0042,MKT,MKT-536e83df55,customer,,
cust_0151,MKT,MKT-89dc4280cf,customer,,
cust_0104,MKT,MKT-b2a7f968e9,customer,,
cust_0192,MKT,MKT-e5d2cddd4d,customer,,
cust_0120,MKT,MKT-da00fef17e,customer,,
cust_0082,MKT,MKT-811fc683b6,customer,,
cust_0019,MKT,MKT-2df705cb67,customer,,
cust_0059,MKT,MKT-2ddc3b2391,customer,,
cust_0119,MKT,MKT-ee8c0b7132,customer,,
cust_0015,MKT,MKT-14366bc9a3,customer,,
cust_0052,MKT,MKT-fb1c303bb1,customer,,
cust_0031,MKT,MKT-268bceee41,customer,,
cust_0184,MKT,MKT-c99d49f9ea,customer,,
cust_0127,MKT,MKT-7f3d0ae4e3,customer,,
cust_0177,MKT,MKT-6a1bc10cd4,customer,,
cust_0117,MKT,MKT-8dbe8d1def,customer,,
cust_0060,MKT,MKT-803b90f59f,customer,,
cust_0174,MKT,MKT-57538d4e91,customer,,
cust_0172,MKT,MKT-3ec8eb5c90,customer,,
cust_0068,MKT,MKT-e6c76e08e9,customer,,
cust_0124,MKT,MKT-8110aa1423,customer,,
cust_0116,MKT,MKT-854e84399c,customer,,
cust_0011,MKT,MKT-42774c188a,customer,,
cust_0102,MKT,MKT-e515f14e85,customer,,
cust_0017,MKT,MKT-9a1af77b1b,customer,,
cust_0188,MKT,MKT-893a1a890e,customer,,
cust_0100,MKT,MKT-87f989b1a1,customer,,
cust_0036,MKT,MKT-adfeaf5fa8,customer,,
cust_0079,MKT,MKT-ea7a53eea4,customer,,
cust_0050,MKT,MKT-d88a1cc7f3,customer,,
cust_0196,MKT,MKT-712a6a4c6a,customer,,
cust_0087,MKT,MKT-095db4bb45,customer,,
cust_0173,MKT,MKT-66682e25c9,customer,,
cust_0183,MKT,MKT-e9366b1440,customer,,
cust_0049,MKT,MKT-b18e110104,customer,,
cust_0109,MKT,MKT-81d412d1e4,customer,,
cust_0041,MKT,MKT-eb950c0c62,customer,,
cust_0101,MKT,MKT-44726d57d6,customer,,
cust_0141,MKT,MKT-d1546981c4,customer,,
cust_0166,MKT,MKT-3834a372cf,customer,,
cust_0081,MKT,MKT-890d11415a,customer,,
cust_0062,MKT,MKT-b101014c41,customer,,
cust_0057,MKT,MKT-4c35fb66ac,customer,,
cust_0142,MKT,MKT-d8ab06a733,customer,,
cust_0097,MKT,MKT-55b3fe0080,customer,,
cust_0030,MKT,MKT-9637f7f062,customer,,
cust_0039,MKT,MKT-1700712987,customer,,
cust_0153,MKT,MKT-6df3ba4ea4,customer,,
cust_0018,CRM,CRM-DUP-61942e2c37,customer,within-source-duplicate,
cust_0088,CRM,CRM-DUP-68e870d7c2,customer,within-source-duplicate,
cust_0160,CRM,CRM-DUP-87542588d8,customer,within-source-duplicate,
cust_0113,CRM,CRM-DUP-1a834a0c41,customer,within-source-duplicate,
cust_0156,CRM,CRM-DUP-de9c40c7d0,customer,within-source-duplicate,
cust_0157,MKT,MKT-DUP-f63da735bc,customer,within-source-duplicate,
cust_0120,MKT,MKT-DUP-252049e2c8,customer,within-source-duplicate,
cust_0123,MKT,MKT-DUP-7b8c10e159,customer,within-source-duplicate,
cust_0171,MKT,MKT-DUP-2f3ef9d749,customer,within-source-duplicate,
cust_0066,MKT,MKT-DUP-1a4d7a7f6f,customer,within-source-duplicate,
cust_0153,MKT,MKT-DUP-e82f9aad39,customer,within-source-duplicate,
cust_0093,ERP,ERP-aecf71a648,transaction,,TXN-f3ceef7361
cust_0080,ERP,ERP-95acac1e4d,transaction,,TXN-507db24bb7
cust_0169,ERP,ERP-57dd0cf90f,transaction,,TXN-1f879b0e8a
cust_0023,ERP,ERP-d18dd115f0,transaction,,TXN-be0aa81847
cust_0026,ERP,ERP-7fc842d15e,transaction,,TXN-911265fff5
cust_0099,ERP,ERP-0e52bbbbd5,transaction,,TXN-f685c546c3
cust_0004,ERP,ERP-ef75f4faa5,transaction,,TXN-29fb602aa1
cust_0047,ERP,ERP-e51cc3d23d,transaction,,TXN-2e4e579945
cust_0139,ERP,ERP-a21eaf7699,transaction,,TXN-7f78ab3418
cust_0160,ERP,ERP-4648a7fbe1,transaction,,TXN-e763614074
cust_0126,ERP,ERP-91f2e0f5ec,transaction,,TXN-fb498efb71
cust_0053,ERP,ERP-53de999693,transaction,,TXN-00ad7d9905
cust_0084,ERP,ERP-2eee60958c,transaction,,TXN-a50fa2ebd4
cust_0082,ERP,ERP-d235b00fb5,transaction,,TXN-6da3552568
cust_0087,ERP,ERP-b3eae34b6d,transaction,,TXN-4a9bf452c9
cust_0054,ERP,ERP-304db3fe27,transaction,,TXN-954aa83345
cust_0172,ERP,ERP-12113c387d,transaction,,TXN-a343238848
cust_0176,ERP,ERP-fa0b225bd8,transaction,,TXN-d5cf6a7234
cust_0123,ERP,ERP-28259da44d,transaction,,TXN-8a744c7469
cust_0069,ERP,ERP-abd3cf8203,transaction,,TXN-aad013ba9b
cust_0150,ERP,ERP-9a6034c112,transaction,,TXN-b892cce4a1
cust_0055,ERP,ERP-1803805983,transaction,,TXN-03c188f31c
cust_0184,ERP,ERP-aa5569a7b8,transaction,,TXN-1a38e87986
cust_0094,ERP,ERP-500c94d47f,transaction,,TXN-9e43b541e1
cust_0190,ERP,ERP-94d8b906c1,transaction,,TXN-eb00434fb7
cust_0025,ERP,ERP-d80555b578,transaction,,TXN-3d3b046c12
cust_0151,ERP,ERP-95a35fbfbb,transaction,,TXN-e665e3f543
cust_0047,ERP,ERP-e51cc3d23d,transaction,,TXN-c6d5f66174
cust_0086,ERP,ERP-5f5b913e98,transaction,,TXN-b06e7ea8d8
cust_0112,ERP,ERP-48fa610c27,transaction,,TXN-593ebe6497
cust_0094,ERP,ERP-500c94d47f,transaction,,TXN-ad02dcb360
cust_0191,ERP,ERP-6ca8d7d8e7,transaction,,TXN-9f54a08f3f
cust_0059,ERP,ERP-bc5b633176,transaction,,TXN-bac2c2058e
cust_0145,ERP,ERP-2909679b77,transaction,,TXN-e629e33328
cust_0095,ERP,ERP-26bcd5e6f2,transaction,,TXN-30a514db70
cust_0052,ERP,ERP-2dfca1ec11,transaction,,TXN-3da30889f5
cust_0177,ERP,ERP-0d1916600d,transaction,,TXN-dc5a42ed58
cust_0051,ERP,ERP-063f43b4b6,transaction,,TXN-4f76f2e557
cust_0123,ERP,ERP-28259da44d,transaction,,TXN-fbd39a545a
cust_0044,ERP,ERP-f3c1fc1649,transaction,,TXN-9419d69586
cust_0194,ERP,ERP-db2e1c4d45,transaction,,TXN-546356736d
cust_0025,ERP,ERP-d80555b578,transaction,,TXN-e193480fe9
cust_0077,ERP,ERP-ae75ad7df5,transaction,,TXN-e127f2cb6d
cust_0162,ERP,ERP-4f0d1a73dc,transaction,,TXN-15ce4bf899
cust_0007,ERP,ERP-f1469ceb7a,transaction,,TXN-301a21cd02
cust_0172,ERP,ERP-12113c387d,transaction,,TXN-1cef25988e
cust_0111,ERP,ERP-65a6743867,transaction,,TXN-9bac47b41a
cust_0076,ERP,ERP-c881213264,transaction,,TXN-52f0b0d26c
cust_0170,ERP,ERP-0bf8f43b7d,transaction,,TXN-ed30fa0764
cust_0002,ERP,ERP-f6ba2db5c0,transaction,,TXN-2916cd3f85
cust_0169,ERP,ERP-57dd0cf90f,transaction,,TXN-b5f6ceb9ab
cust_0065,ERP,ERP-af887e32cd,transaction,,TXN-08a8046af6
cust_0057,ERP,ERP-2b63b3dc33,transaction,,TXN-ace12d3bba
cust_0085,ERP,ERP-038b4385b9,transaction,,TXN-2190ccf5a2
cust_0132,ERP,ERP-44dd54232d,transaction,,TXN-f819374fac
cust_0051,ERP,ERP-063f43b4b6,transaction,,TXN-596fb0e788
cust_0110,ERP,ERP-ef705e9696,transaction,,TXN-4a64532add
cust_0093,ERP,ERP-aecf71a648,transaction,,TXN-2b511e2976
cust_0010,ERP,ERP-26e7323705,transaction,,TXN-39b6802e02
cust_0106,ERP,ERP-e2ee723dbd,transaction,,TXN-a3d6a52758
cust_0035,ERP,ERP-0617daa491,transaction,,TXN-2e8c81d403
cust_0059,ERP,ERP-bc5b633176,transaction,,TXN-5d977c3883
cust_0171,ERP,ERP-72f504ddea,transaction,,TXN-9209143b6d
cust_0069,ERP,ERP-abd3cf8203,transaction,,TXN-c427086dc7
cust_0000,ERP,ERP-7d0b8f3068,transaction,,TXN-1ae7f61328
cust_0026,ERP,ERP-7fc842d15e,transaction,,TXN-9d19d354b3
cust_0014,ERP,ERP-0e97b59b65,transaction,,TXN-86e1fe4d94
cust_0155,ERP,ERP-1e865830d2,transaction,,TXN-8cef4d9b50
cust_0085,ERP,ERP-038b4385b9,transaction,,TXN-5a38b8b137
cust_0041,ERP,ERP-88ed91cf8f,transaction,,TXN-21d004552c
cust_0111,ERP,ERP-65a6743867,transaction,,TXN-e4d63909d4
cust_0080,ERP,ERP-95acac1e4d,transaction,,TXN-4e1eb124a0
cust_0090,ERP,ERP-a0c708891b,transaction,,TXN-e8f9a24adf
cust_0159,ERP,ERP-f3457f4a23,transaction,,TXN-19c4966842
cust_0157,ERP,ERP-42ef5a2979,transaction,,TXN-679a85b1db
cust_0010,ERP,ERP-26e7323705,transaction,,TXN-43c6642495
cust_0173,ERP,ERP-81fbb1bd40,transaction,,TXN-abd4d2c248
cust_0190,ERP,ERP-94d8b906c1,transaction,,TXN-e1781a5501
cust_0002,ERP,ERP-f6ba2db5c0,transaction,,TXN-503f9a1096
cust_0185,ERP,ERP-e0acf26d0c,transaction,,TXN-c3daa37170
cust_0171,ERP,ERP-72f504ddea,transaction,,TXN-e7c27effca
cust_0152,ERP,ERP-db9134a1b8,transaction,,TXN-e75b745dcb
cust_0031,ERP,ERP-6d2f2e38e5,transaction,,TXN-1a8631778f
cust_0020,ERP,ERP-ef9edc7da8,transaction,,TXN-04c04fd2ac
cust_0158,ERP,ERP-9cd682f6db,transaction,,TXN-17abc19a83
cust_0079,ERP,ERP-823c7484c9,transaction,,TXN-4432cb7145
cust_0016,ERP,ERP-41445bd11a,transaction,,TXN-0a5898a70f
cust_0052,ERP,ERP-2dfca1ec11,transaction,,TXN-ec4960c512
cust_0164,ERP,ERP-3414360547,transaction,,TXN-23c046af5a
cust_0088,ERP,ERP-5c3818f8c9,transaction,,TXN-3635363f42
cust_0151,ERP,ERP-95a35fbfbb,transaction,,TXN-46736571ad
cust_0060,ERP,ERP-d57d655b56,transaction,,TXN-ef25c71d81
cust_0168,ERP,ERP-7758012177,transaction,,TXN-a5d78e21f4
cust_0170,ERP,ERP-0bf8f43b7d,transaction,,TXN-2cdb2e9aed
cust_0065,ERP,ERP-af887e32cd,transaction,,TXN-4786441e48
cust_0128,ERP,ERP-5c43ced908,transaction,,TXN-bcd429bb0a
cust_0030,ERP,ERP-5072b2ff93,transaction,,TXN-0b6ebf8fd5
cust_0182,ERP,ERP-cbfa80ef3f,transaction,,TXN-6d7efd1819
cust_0168,ERP,ERP-7758012177,transaction,,TXN-2c189ff799
cust_0047,ERP,ERP-e51cc3d23d,transaction,,TXN-055f64c71a
cust_0125,ERP,ERP-222ac75442,transaction,,TXN-de799aeae3
cust_0026,ERP,ERP-7fc842d15e,transaction,,TXN-4d6caa84f5
cust_0054,ERP,ERP-304db3fe27,transaction,,TXN-b1c88fae59
cust_0107,ERP,ERP-6ec60b87e1,transaction,,TXN-bfc07ea219
cust_0198,ERP,ERP-46fb25b424,transaction,,TXN-d188cada8b
cust_0086,ERP,ERP-5f5b913e98,transaction,,TXN-dcc8cb86dd
cust_0012,ERP,ERP-7a237c0b7e,transaction,,TXN-9c565c8cbc
cust_0164,ERP,ERP-3414360547,transaction,,TXN-5297ecb7e3
cust_0103,ERP,ERP-b0c319cfb8,transaction,,TXN-a9d44ac91e
cust_0185,ERP,ERP-e0acf26d0c,transaction,,TXN-aa5417d2fe
cust_0123,ERP,ERP-28259da44d,transaction,,TXN-95fb03b97e
cust_0079,ERP,ERP-823c7484c9,transaction,,TXN-57d74d6313
cust_0197,ERP,ERP-e6048a91e7,transaction,,TXN-47855522d5
cust_0104,ERP,ERP-db275b8f5f,transaction,,TXN-1eb9a99dc6
cust_0192,ERP,ERP-106f9167a0,transaction,,TXN-d4382fefdc
cust_0086,ERP,ERP-5f5b913e98,transaction,,TXN-c89a01850e
cust_0044,ERP,ERP-f3c1fc1649,transaction,,TXN-e3a9e5e161
cust_0072,ERP,ERP-d1b3f2409b,transaction,,TXN-11ef97a428
cust_0082,ERP,ERP-d235b00fb5,transaction,,TXN-837c8eb7bc
cust_0148,ERP,ERP-d3c65e6bb0,transaction,,TXN-1d9ecbaca7
cust_0046,ERP,ERP-75789abbc8,transaction,,TXN-d7dc0dd872
cust_0091,ERP,ERP-54374dab4d,transaction,,TXN-b3b5c6b04c
cust_0123,ERP,ERP-28259da44d,transaction,,TXN-3e54b09511
cust_0170,ERP,ERP-0bf8f43b7d,transaction,,TXN-e19b49d65e
cust_0189,ERP,ERP-a8619634ad,transaction,,TXN-4509199c1a
cust_0016,ERP,ERP-41445bd11a,transaction,,TXN-67de9bbaf4
cust_0132,ERP,ERP-44dd54232d,transaction,,TXN-6854572419
cust_0121,ERP,ERP-f3fc0087c8,transaction,,TXN-5b92c9c2ac
cust_0121,ERP,ERP-f3fc0087c8,transaction,,TXN-8c6d119b12
cust_0070,ERP,ERP-4557cce138,transaction,,TXN-4da99053e9
cust_0087,ERP,ERP-b3eae34b6d,transaction,,TXN-cf452e3edc
cust_0115,ERP,ERP-be51853b2f,transaction,,TXN-0bcd785ac9
cust_0138,ERP,ERP-16b54e87d6,transaction,,TXN-eb2d3da4f7
cust_0060,ERP,ERP-d57d655b56,transaction,,TXN-59ff7a7c8b
cust_0005,ERP,ERP-6489ce77ed,transaction,,TXN-0d6937d84c
cust_0121,ERP,ERP-f3fc0087c8,transaction,,TXN-f8e20f97b3
cust_0031,ERP,ERP-6d2f2e38e5,transaction,,TXN-4a7ee0e109
cust_0138,ERP,ERP-16b54e87d6,transaction,,TXN-02b5dbc6b7
cust_0068,ERP,ERP-82be1db8d0,transaction,,TXN-3fb2c93969
cust_0041,ERP,ERP-88ed91cf8f,transaction,,TXN-ca80abc786
cust_0134,ERP,ERP-4bab68c6ac,transaction,,TXN-93271975c5
cust_0182,ERP,ERP-cbfa80ef3f,transaction,,TXN-6d3d965420
cust_0004,ERP,ERP-ef75f4faa5,transaction,,TXN-ce1599baac
cust_0138,ERP,ERP-16b54e87d6,transaction,,TXN-eae66ed239
cust_0017,ERP,ERP-4b17b16b61,transaction,,TXN-58ae4e2aec
cust_0149,ERP,ERP-7073857e0b,transaction,,TXN-4f0c76bc78
cust_0161,ERP,ERP-4760f76def,transaction,,TXN-ce1b3d5261
cust_0120,ERP,ERP-ed3c2ee0fe,transaction,,TXN-ebe7777b26
cust_0055,ERP,ERP-1803805983,transaction,,TXN-11fea21f66
cust_0080,ERP,ERP-95acac1e4d,transaction,,TXN-fbbfc30620
cust_0000,ERP,ERP-7d0b8f3068,transaction,,TXN-d369eb7d16
cust_0045,ERP,ERP-8c0635153c,transaction,,TXN-d58e5eed40
cust_0166,ERP,ERP-82f0dbcc71,transaction,,TXN-4a4f947fc9
cust_0065,ERP,ERP-af887e32cd,transaction,,TXN-8b294ecc94
cust_0103,ERP,ERP-b0c319cfb8,transaction,,TXN-48a0be5aee
cust_0060,ERP,ERP-d57d655b56,transaction,,TXN-07b34fcf6d
cust_0110,ERP,ERP-ef705e9696,transaction,,TXN-dc29e6c3bd
cust_0089,ERP,ERP-1efbe132c4,transaction,,TXN-ad5652825b
cust_0169,ERP,ERP-57dd0cf90f,transaction,,TXN-ef9cc98fb6
cust_0043,ERP,ERP-5b94e63558,transaction,,TXN-63a86372b3
cust_0103,ERP,ERP-b0c319cfb8,transaction,,TXN-21362ef8f3
cust_0038,ERP,ERP-a167766301,transaction,,TXN-b07e6b2721
cust_0068,ERP,ERP-82be1db8d0,transaction,,TXN-4c6e82bbad
cust_0191,ERP,ERP-6ca8d7d8e7,transaction,,TXN-4229c3c5d9
cust_0085,ERP,ERP-038b4385b9,transaction,,TXN-2a1997f47c
cust_0000,ERP,ERP-7d0b8f3068,transaction,,TXN-952459fe03
cust_0110,ERP,ERP-ef705e9696,transaction,,TXN-66ec423ba2
cust_0021,ERP,ERP-a134bcfe0e,transaction,,TXN-568554b457
cust_0055,ERP,ERP-1803805983,transaction,,TXN-0450188211
cust_0065,ERP,ERP-af887e32cd,transaction,,TXN-a4b2e3cac9
cust_0016,ERP,ERP-41445bd11a,transaction,,TXN-1a79b590d7
cust_0029,ERP,ERP-5e1e80912c,transaction,,TXN-aa12bf5fd6
cust_0171,ERP,ERP-72f504ddea,transaction,,TXN-d193151c08
cust_0157,ERP,ERP-42ef5a2979,transaction,,TXN-7f8b4d53f2
cust_0044,ERP,ERP-f3c1fc1649,transaction,,TXN-11f761e184
cust_0078,ERP,ERP-35e66b199d,transaction,,TXN-280181497a
cust_0055,ERP,ERP-1803805983,transaction,,TXN-656d8d79cc
cust_0137,ERP,ERP-1e3550a3a3,transaction,,TXN-8700f693e3
cust_0056,ERP,ERP-cd2402684f,transaction,,TXN-d827033e6b
cust_0109,ERP,ERP-4293bc841b,transaction,,TXN-ad8d548e83
cust_0017,ERP,ERP-4b17b16b61,transaction,,TXN-1460df7438
cust_0166,ERP,ERP-82f0dbcc71,transaction,,TXN-ffb265fae9
cust_0010,ERP,ERP-26e7323705,transaction,,TXN-c3d25070bd
cust_0108,ERP,ERP-9497e65085,transaction,,TXN-f11f839250
cust_0000,ERP,ERP-7d0b8f3068,transaction,,TXN-6937633f83
cust_0152,ERP,ERP-db9134a1b8,transaction,,TXN-8d6b53099d
cust_0078,ERP,ERP-35e66b199d,transaction,,TXN-a1b3b96a7a
cust_0009,ERP,ERP-14445e7958,transaction,,TXN-7960ad5067
cust_0192,ERP,ERP-106f9167a0,transaction,,TXN-db05decb57
cust_0164,ERP,ERP-3414360547,transaction,,TXN-a64f9b8f36
cust_0109,ERP,ERP-4293bc841b,transaction,,TXN-1dc9d7f69d
cust_0052,ERP,ERP-2dfca1ec11,transaction,,TXN-9b95753ee8
cust_0035,ERP,ERP-0617daa491,transaction,,TXN-df22f5234f
cust_0007,ERP,ERP-f1469ceb7a,transaction,,TXN-2c0ce9e10e
cust_0182,ERP,ERP-cbfa80ef3f,transaction,,TXN-a2c2785bc5
cust_0190,ERP,ERP-94d8b906c1,transaction,,TXN-d808d09762
cust_0123,ERP,ERP-28259da44d,transaction,,TXN-3fff7167ca
cust_0084,ERP,ERP-2eee60958c,transaction,,TXN-316857247f
cust_0161,ERP,ERP-4760f76def,transaction,,TXN-0ca13775aa
cust_0031,ERP,ERP-6d2f2e38e5,transaction,,TXN-ad04b1dc98
cust_0034,ERP,ERP-99df1f3ad0,transaction,,TXN-2eb53b6d95
cust_0004,ERP,ERP-ef75f4faa5,transaction,,TXN-f9d3dd7e30
cust_0191,ERP,ERP-6ca8d7d8e7,transaction,,TXN-4f31a88daf
cust_0128,ERP,ERP-5c43ced908,transaction,,TXN-132173b6c2
cust_0051,ERP,ERP-063f43b4b6,transaction,,TXN-7b0f5c0847
cust_0051,ERP,ERP-063f43b4b6,transaction,,TXN-d411323de6
cust_0046,ERP,ERP-75789abbc8,transaction,,TXN-d621cfee56
cust_0127,ERP,ERP-9250cc74e9,transaction,,TXN-8afab5072e
cust_0138,ERP,ERP-16b54e87d6,transaction,,TXN-a2330ebda2
cust_0185,ERP,ERP-e0acf26d0c,transaction,,TXN-af600b2dff
cust_0043,ERP,ERP-5b94e63558,transaction,,TXN-2b7c39d5ab
cust_0152,ERP,ERP-db9134a1b8,transaction,,TXN-e08e71db86
cust_0121,ERP,ERP-f3fc0087c8,transaction,,TXN-85a055a646
cust_0086,ERP,ERP-5f5b913e98,transaction,,TXN-38490f2346
cust_0007,ERP,ERP-f1469ceb7a,transaction,,TXN-8b0305864f
cust_0037,ERP,ERP-aa3308ec6d,transaction,,TXN-c6f134e31c
cust_0168,ERP,ERP-7758012177,transaction,,TXN-7104fc1e08
cust_0190,ERP,ERP-94d8b906c1,transaction,,TXN-3f681af82c
cust_0051,ERP,ERP-063f43b4b6,transaction,,TXN-8c88fc0031
cust_0123,ERP,ERP-28259da44d,transaction,,TXN-294605b59b
cust_0184,ERP,ERP-aa5569a7b8,transaction,,TXN-6d14518cd7
cust_0184,ERP,ERP-aa5569a7b8,transaction,,TXN-529ee5ca68
cust_0161,ERP,ERP-4760f76def,transaction,,TXN-2bb3c06bcb
cust_0050,ERP,ERP-e5f7a145e6,transaction,,TXN-8b0278dcd8
cust_0142,ERP,ERP-5de73d943f,transaction,,TXN-732ecfccd7
cust_0009,ERP,ERP-14445e7958,transaction,,TXN-b22661f758
cust_0025,ERP,ERP-d80555b578,transaction,,TXN-9e42f03c4c
cust_0061,ERP,ERP-7b04792af9,transaction,,TXN-a6fa44065e
cust_0142,ERP,ERP-5de73d943f,transaction,,TXN-9cf0ebe3bc
cust_0008,ERP,ERP-933fbe2566,transaction,,TXN-ef4cf0771d
cust_0186,ERP,ERP-8502475eb9,transaction,,TXN-b3a5751a03
cust_0112,ERP,ERP-48fa610c27,transaction,,TXN-4e0737f52e
cust_0192,ERP,ERP-106f9167a0,transaction,,TXN-9bdb08e2c1
cust_0198,ERP,ERP-46fb25b424,transaction,,TXN-fc2d4c6d75
cust_0085,ERP,ERP-038b4385b9,transaction,,TXN-0f537d97e0
cust_0168,ERP,ERP-7758012177,transaction,,TXN-1aa4e3813e
cust_0190,ERP,ERP-94d8b906c1,transaction,,TXN-b36e23edaa
cust_0031,ERP,ERP-6d2f2e38e5,transaction,,TXN-612ce408db
cust_0132,ERP,ERP-44dd54232d,transaction,,TXN-4247f43ded
cust_0031,ERP,ERP-6d2f2e38e5,transaction,,TXN-a19fa17b85
cust_0034,ERP,ERP-99df1f3ad0,transaction,,TXN-cd8b70bc53
cust_0151,ERP,ERP-95a35fbfbb,transaction,,TXN-20210985f9
cust_0189,ERP,ERP-a8619634ad,transaction,,TXN-ca14ddae5f
cust_0164,ERP,ERP-3414360547,transaction,,TXN-28cf618ab4
cust_0069,ERP,ERP-abd3cf8203,transaction,,TXN-ab8a5422f1
cust_0073,ERP,ERP-ec956484b5,transaction,,TXN-2ecca9d1ae
cust_0103,ERP,ERP-b0c319cfb8,transaction,,TXN-b18ba03dd3
cust_0086,ERP,ERP-5f5b913e98,transaction,,TXN-4d3fe6fceb
cust_0118,ERP,ERP-d6378c9b54,transaction,,TXN-b2116b439f
cust_0178,ERP,ERP-728440e439,transaction,,TXN-1ee7d34be4
cust_0076,ERP,ERP-c881213264,transaction,,TXN-92edd08aaf
cust_0020,ERP,ERP-ef9edc7da8,transaction,,TXN-41b2b98b43
cust_0155,ERP,ERP-1e865830d2,transaction,,TXN-526c883c9c
cust_0189,ERP,ERP-a8619634ad,transaction,,TXN-0cd2d1b7c6
cust_0182,ERP,ERP-cbfa80ef3f,transaction,,TXN-c02bebe67b
cust_0127,ERP,ERP-9250cc74e9,transaction,,TXN-74a0801a40
cust_0058,ERP,ERP-dec1355c58,transaction,,TXN-5477cdbfc2
cust_0173,ERP,ERP-81fbb1bd40,transaction,,TXN-9129814ece
cust_0131,ERP,ERP-d2753fd71c,transaction,,TXN-6b0201d1d4
cust_0064,ERP,ERP-1bbdfd426c,transaction,,TXN-328376f66f
cust_0109,ERP,ERP-4293bc841b,transaction,,TXN-2845af7fe2
cust_0113,ERP,ERP-fa2fd44f0a,transaction,,TXN-7696e50b3d
cust_0128,ERP,ERP-5c43ced908,transaction,,TXN-bde8be50b7
cust_0164,ERP,ERP-3414360547,transaction,,TXN-11d635823e
cust_0142,ERP,ERP-5de73d943f,transaction,,TXN-33c4537e40
cust_0178,ERP,ERP-728440e439,transaction,,TXN-3412427251
cust_0190,ERP,ERP-94d8b906c1,transaction,,TXN-71e36afa80
cust_0169,ERP,ERP-57dd0cf90f,transaction,,TXN-631b85aecf
cust_0106,ERP,ERP-e2ee723dbd,transaction,,TXN-4c5a037869
cust_0067,ERP,ERP-31bb73d117,transaction,,TXN-3171a4c1a8
cust_0112,ERP,ERP-48fa610c27,transaction,,TXN-558e49f4b7
cust_0139,ERP,ERP-a21eaf7699,transaction,,TXN-b3e7999ee3
cust_0029,ERP,ERP-5e1e80912c,transaction,,TXN-e30c7da938
cust_0156,ERP,ERP-0be64dbe3e,transaction,,TXN-758349bd80
cust_0151,ERP,ERP-95a35fbfbb,transaction,,TXN-9559da5652
cust_0087,ERP,ERP-b3eae34b6d,transaction,,TXN-063ddbfdea
cust_0110,ERP,ERP-ef705e9696,transaction,,TXN-da7cd4075a
cust_0099,ERP,ERP-0e52bbbbd5,transaction,,TXN-68ccec3b11
cust_0094,ERP,ERP-500c94d47f,transaction,,TXN-e11f47e883
cust_0030,ERP,ERP-5072b2ff93,transaction,,TXN-8b53d086a5
cust_0053,ERP,ERP-53de999693,transaction,,TXN-ebb8ba8ccc
cust_0099,ERP,ERP-0e52bbbbd5,transaction,,TXN-707029004d
cust_0156,ERP,ERP-0be64dbe3e,transaction,,TXN-283b451e61
cust_0049,ERP,ERP-4a086af8c2,transaction,,TXN-27c3573f11
cust_0035,ERP,ERP-0617daa491,transaction,,TXN-a197fdcca9
cust_0166,ERP,ERP-82f0dbcc71,transaction,,TXN-4d244cc3d9
cust_0050,ERP,ERP-e5f7a145e6,transaction,,TXN-2b483745f3
cust_0012,ERP,ERP-7a237c0b7e,transaction,,TXN-1b15703b0e
cust_0052,ERP,ERP-2dfca1ec11,transaction,,TXN-b5a5b8c3db
cust_0061,ERP,ERP-7b04792af9,transaction,,TXN-373321c0c3
cust_0078,ERP,ERP-35e66b199d,transaction,,TXN-7dd76b385d
cust_0070,ERP,ERP-4557cce138,transaction,,TXN-1a5fcdff27
cust_0079,ERP,ERP-823c7484c9,transaction,,TXN-ec211d6901
cust_0102,ERP,ERP-b8ed86330e,transaction,,TXN-34daf9a49f
cust_0110,ERP,ERP-ef705e9696,transaction,,TXN-ad432808d2
cust_0032,ERP,ERP-1531dee915,transaction,,TXN-ac7535d8f0
cust_0078,ERP,ERP-35e66b199d,transaction,,TXN-24336a290b
cust_0034,ERP,ERP-99df1f3ad0,transaction,,TXN-661313472b
cust_0037,ERP,ERP-aa3308ec6d,transaction,,TXN-029f4dec7f
cust_0177,ERP,ERP-0d1916600d,transaction,,TXN-50cabe75e0
cust_0068,ERP,ERP-82be1db8d0,transaction,,TXN-51629c98bd
cust_0045,ERP,ERP-8c0635153c,transaction,,TXN-7230bf3019
cust_0022,ERP,ERP-b51f609cb3,transaction,,TXN-f8728ccaad
cust_0001,ERP,ERP-60395caa93,transaction,,TXN-4a84644445
cust_0164,ERP,ERP-3414360547,transaction,,TXN-5852e96b27
cust_0000,ERP,ERP-7d0b8f3068,transaction,,TXN-28d80adcf1
cust_0145,ERP,ERP-2909679b77,transaction,,TXN-006010c2c6
cust_0134,ERP,ERP-4bab68c6ac,transaction,,TXN-0904428ca8
cust_0045,ERP,ERP-8c0635153c,transaction,,TXN-80fd88ec35
cust_0084,ERP,ERP-2eee60958c,transaction,,TXN-8ca746ed6f
cust_0056,ERP,ERP-cd2402684f,transaction,,TXN-0d05b8f119
cust_0151,ERP,ERP-95a35fbfbb,transaction,,TXN-b60d19ec19
cust_0000,ERP,ERP-7d0b8f3068,transaction,,TXN-02c4e4fe6c
cust_0109,ERP,ERP-4293bc841b,transaction,,TXN-0a7fe17090
cust_0068,ERP,ERP-82be1db8d0,transaction,,TXN-b9b2ca4a11
cust_0164,ERP,ERP-3414360547,transaction,,TXN-cddcfffbd4
cust_0121,ERP,ERP-f3fc0087c8,transaction,,TXN-ae0497c2dc
cust_0078,ERP,ERP-35e66b199d,transaction,,TXN-eb52e97eb9
cust_0085,ERP,ERP-038b4385b9,transaction,,TXN-55a8556035
cust_0103,ERP,ERP-b0c319cfb8,transaction,,TXN-01a55c14b9
cust_0141,ERP,ERP-68c2618db2,transaction,,TXN-9eede55db8
cust_0112,ERP,ERP-48fa610c27,transaction,,TXN-a02dea20d9
cust_0094,ERP,ERP-500c94d47f,transaction,,TXN-7406c2c8b7
cust_0191,ERP,ERP-6ca8d7d8e7,transaction,,TXN-ca6f6294cf
cust_0006,ERP,ERP-7c623c06c3,transaction,,TXN-278fcdae69
cust_0088,ERP,ERP-5c3818f8c9,transaction,,TXN-07fd6a11dd
cust_0091,ERP,ERP-54374dab4d,transaction,,TXN-232cd4f790
cust_0139,ERP,ERP-a21eaf7699,transaction,,TXN-c7ae13f492
cust_0044,ERP,ERP-f3c1fc1649,transaction,,TXN-a4b63da9a5
cust_0160,ERP,ERP-4648a7fbe1,transaction,,TXN-38c06911cf
cust_0073,ERP,ERP-ec956484b5,transaction,,TXN-1115c00e9c
cust_0198,ERP,ERP-46fb25b424,transaction,,TXN-3f7ba662ea
cust_0186,ERP,ERP-8502475eb9,transaction,,TXN-ba2f032380
cust_0150,ERP,ERP-9a6034c112,transaction,,TXN-98aca1c7c8
cust_0178,ERP,ERP-728440e439,transaction,,TXN-f000d3a74d
cust_0028,ERP,ERP-ff29cb37c5,transaction,,TXN-a3fb6d18cd
cust_0132,ERP,ERP-44dd54232d,transaction,,TXN-cd79920ea5
cust_0068,ERP,ERP-82be1db8d0,transaction,,TXN-2d5966c967
cust_0146,ERP,ERP-bf88ca1bde,transaction,,TXN-f068504e82
cust_0121,ERP,ERP-f3fc0087c8,transaction,,TXN-7adb882927
cust_0093,ERP,ERP-aecf71a648,transaction,,TXN-fa85436525
cust_0038,ERP,ERP-a167766301,transaction,,TXN-bb9813396f
cust_0061,ERP,ERP-7b04792af9,transaction,,TXN-c32c8af98b
cust_0010,ERP,ERP-26e7323705,transaction,,TXN-94568a399a
cust_0111,ERP,ERP-65a6743867,transaction,,TXN-9e91e678c3
cust_0125,ERP,ERP-222ac75442,transaction,,TXN-0d3320c396
cust_0042,ERP,ERP-83fcfd3eec,transaction,,TXN-0107ba2e22
cust_0070,ERP,ERP-4557cce138,transaction,,TXN-a4a4b5a97f
cust_0137,ERP,ERP-1e3550a3a3,transaction,,TXN-f9d37f33ca
cust_0043,ERP,ERP-5b94e63558,transaction,,TXN-421c927f8e
cust_0061,ERP,ERP-7b04792af9,transaction,,TXN-36dddd6b81
cust_0109,ERP,ERP-4293bc841b,transaction,,TXN-8c86e1bae6
cust_0052,ERP,ERP-2dfca1ec11,transaction,,TXN-fa78d153ae
cust_0152,ERP,ERP-db9134a1b8,transaction,,TXN-152029da02
cust_0098,ERP,ERP-978a114363,transaction,,TXN-88e9c6759b
cust_0115,ERP,ERP-be51853b2f,transaction,,TXN-a4bc234b8f
cust_0194,ERP,ERP-db2e1c4d45,transaction,,TXN-f2cad1df88
cust_0194,ERP,ERP-db2e1c4d45,transaction,,TXN-2402fd7a5b
cust_0090,ERP,ERP-a0c708891b,transaction,,TXN-ee597f9ae0
cust_0059,ERP,ERP-bc5b633176,transaction,,TXN-16c0343d87
cust_0106,ERP,ERP-e2ee723dbd,transaction,,TXN-99ea52940b
cust_0176,ERP,ERP-fa0b225bd8,transaction,,TXN-9f85200920
cust_0073,ERP,ERP-ec956484b5,transaction,,TXN-638c484ec6
cust_0151,ERP,ERP-95a35fbfbb,transaction,,TXN-96c9f6340d
cust_0001,ERP,ERP-60395caa93,transaction,,TXN-38a072d804
cust_0047,ERP,ERP-e51cc3d23d,transaction,,TXN-a40291b8d6
cust_0184,ERP,ERP-aa5569a7b8,transaction,,TXN-8bc15a3261
cust_0140,ERP,ERP-aeef54526c,transaction,,TXN-d784b8314c
cust_0017,ERP,ERP-4b17b16b61,transaction,,TXN-1f80049e33
cust_0176,ERP,ERP-fa0b225bd8,transaction,,TXN-b9e6501fd0
cust_0058,ERP,ERP-dec1355c58,transaction,,TXN-3d4198dbee
cust_0151,ERP,ERP-95a35fbfbb,transaction,,TXN-22d7764029
cust_0019,ERP,ERP-09778f9720,transaction,,TXN-888b13b5e5
cust_0114,ERP,ERP-a21f90a2e4,transaction,,TXN-80d6f2a1b1
cust_0150,ERP,ERP-9a6034c112,transaction,,TXN-c1497505fe
cust_0060,ERP,ERP-d57d655b56,transaction,,TXN-28b780f00a
cust_0141,ERP,ERP-68c2618db2,transaction,,TXN-bffe5cd791
cust_0023,ERP,ERP-d18dd115f0,transaction,,TXN-f07f3246d8
cust_0191,ERP,ERP-6ca8d7d8e7,transaction,,TXN-d3dc0e147e
cust_0151,ERP,ERP-95a35fbfbb,transaction,,TXN-8487c018de
cust_0081,ERP,ERP-511effba5d,transaction,,TXN-9c47c9a2c5
cust_0131,ERP,ERP-d2753fd71c,transaction,,TXN-e398887e79
cust_0121,ERP,ERP-f3fc0087c8,transaction,,TXN-65d94c95b9
cust_0067,ERP,ERP-31bb73d117,transaction,,TXN-b42d405b96
cust_0154,ERP,ERP-85eb4deccd,transaction,,TXN-6264e16953
cust_0166,ERP,ERP-82f0dbcc71,transaction,,TXN-293d461795
cust_0110,ERP,ERP-ef705e9696,transaction,,TXN-1f40585fd6
cust_0107,ERP,ERP-6ec60b87e1,transaction,,TXN-dcdb797500
cust_0055,ERP,ERP-1803805983,transaction,,TXN-27b77177f2
cust_0023,ERP,ERP-d18dd115f0,transaction,,TXN-a4a2878b25
cust_0086,ERP,ERP-5f5b913e98,transaction,,TXN-37079cad0a
cust_0134,ERP,ERP-4bab68c6ac,transaction,,TXN-d710179a8b
cust_0056,ERP,ERP-cd2402684f,transaction,,TXN-e0ef8b0dbb
cust_0002,ERP,ERP-f6ba2db5c0,transaction,,TXN-6f8732e14d
cust_0007,ERP,ERP-f1469ceb7a,transaction,,TXN-affa47b9e3
cust_0057,ERP,ERP-2b63b3dc33,transaction,,TXN-e44d3607b8
cust_0131,ERP,ERP-d2753fd71c,transaction,,TXN-02f0410873
cust_0001,ERP,ERP-60395caa93,transaction,,TXN-36347b7b70
cust_0110,ERP,ERP-ef705e9696,transaction,,TXN-10e642e71d
cust_0085,ERP,ERP-038b4385b9,transaction,,TXN-7fda4fea5b
cust_0189,ERP,ERP-a8619634ad,transaction,,TXN-0409511f75
cust_0046,ERP,ERP-75789abbc8,transaction,,TXN-9b2c79ec3e
cust_0145,ERP,ERP-2909679b77,transaction,,TXN-0c2b2bf958
cust_0064,ERP,ERP-1bbdfd426c,transaction,,TXN-4b8b7dab33
cust_0078,ERP,ERP-35e66b199d,transaction,,TXN-42f2b2d194
cust_0068,ERP,ERP-82be1db8d0,transaction,,TXN-04c2610c55
cust_0016,ERP,ERP-41445bd11a,transaction,,TXN-85bb614c67
cust_0093,ERP,ERP-aecf71a648,transaction,,TXN-af9c120a42
cust_0042,ERP,ERP-83fcfd3eec,transaction,,TXN-e8bcd0040f
cust_0170,ERP,ERP-0bf8f43b7d,transaction,,TXN-3470bfaee6
cust_0171,ERP,ERP-72f504ddea,transaction,,TXN-57df0ade64
cust_0052,ERP,ERP-2dfca1ec11,transaction,,TXN-111bba5749
cust_0107,ERP,ERP-6ec60b87e1,transaction,,TXN-26ca7ea7b9
cust_0068,ERP,ERP-82be1db8d0,transaction,,TXN-ada25ebc50
cust_0047,ERP,ERP-e51cc3d23d,transaction,,TXN-6ea89f3158
cust_0162,ERP,ERP-4f0d1a73dc,transaction,,TXN-f835f66e38
cust_0132,ERP,ERP-44dd54232d,transaction,,TXN-74237a53db
cust_0091,ERP,ERP-54374dab4d,transaction,,TXN-93fa8da23d
cust_0055,ERP,ERP-1803805983,transaction,,TXN-06259c943b
cust_0037,ERP,ERP-aa3308ec6d,transaction,,TXN-188dab334e
cust_0111,ERP,ERP-65a6743867,transaction,,TXN-bba86908a1
cust_0122,ERP,ERP-2b6b7ece46,transaction,,TXN-9dc2bb5e80
cust_0110,ERP,ERP-ef705e9696,transaction,,TXN-c37ee6f63e
cust_0045,ERP,ERP-8c0635153c,transaction,,TXN-1f6fc75545
cust_0014,ERP,ERP-0e97b59b65,transaction,,TXN-1a3c44bd80
cust_0131,ERP,ERP-d2753fd71c,transaction,,TXN-f718db1289
cust_0192,ERP,ERP-106f9167a0,transaction,,TXN-12c00b045f
cust_0095,ERP,ERP-26bcd5e6f2,transaction,,TXN-873a3c770a
cust_0043,ERP,ERP-5b94e63558,transaction,,TXN-2752b9b8ba
cust_0058,ERP,ERP-dec1355c58,transaction,,TXN-a444f7fe7b
cust_0146,ERP,ERP-bf88ca1bde,transaction,,TXN-4069b1777e
cust_0162,ERP,ERP-4f0d1a73dc,transaction,,TXN-a2cc670346
cust_0089,ERP,ERP-1efbe132c4,transaction,,TXN-047f5d3e15
cust_0063,ERP,ERP-b3a8c1b856,transaction,,TXN-f8b5fba520
cust_0043,ERP,ERP-5b94e63558,transaction,,TXN-171ad98db7
cust_0084,ERP,ERP-2eee60958c,transaction,,TXN-344180a86c
cust_0148,ERP,ERP-d3c65e6bb0,transaction,,TXN-5324234e47
cust_0016,ERP,ERP-41445bd11a,transaction,,TXN-e97c9f0fa5
cust_0159,ERP,ERP-f3457f4a23,transaction,,TXN-99fe4065e1
cust_0064,ERP,ERP-1bbdfd426c,transaction,,TXN-3a8c110aaa
cust_0101,ERP,ERP-2ed6eb4899,transaction,,TXN-06b6417177
cust_0177,ERP,ERP-0d1916600d,transaction,,TXN-b69b89d865
cust_0198,ERP,ERP-46fb25b424,transaction,,TXN-7b91de6ced
cust_0008,ERP,ERP-933fbe2566,transaction,,TXN-0a383afddc
cust_0171,ERP,ERP-72f504ddea,transaction,,TXN-9b2f266eda
cust_0070,ERP,ERP-4557cce138,transaction,,TXN-254585f757
cust_0111,ERP,ERP-65a6743867,transaction,,TXN-f6f69e455e
cust_0035,ERP,ERP-0617daa491,transaction,,TXN-59d0bdee5b
cust_0108,ERP,ERP-9497e65085,transaction,,TXN-472a670c6d
cust_0095,ERP,ERP-26bcd5e6f2,transaction,,TXN-ad157c4022
